regime,gate,k,criterion,n,rate,mean_p,brier_chance,ece,ece_lo,ece_hi,brier,brier_lo,brier_hi,brier_emp,brier_emp_lo,brier_emp_hi,bss_chance,bss_chance_lo,bss_chance_hi,bss_emp,bss_emp_lo,bss_emp_hi,logloss,acc
oof,citation,0,AI experience,4000,0.6125,0.6108200069323861,0.25,0.07104025300286369,0.05777463965319027,0.08470406812246246,0.21746748609614827,0.21092736856055505,0.22394417808217648,0.23743691406249418,0.23410594907348617,0.24077364564636217,0.13013005561540691,0.10422328767129405,0.15629052575777985,0.08410414212631612,0.058634959147526575,0.10991375327818435,0.6388084498690962,0.66325
oof,citation,1,Agentic systems experience,4000,0.54425,0.5442476533245293,0.25,0.06762143560686427,0.05401032847772989,0.08252689309142709,0.23534550406673646,0.22906744568092804,0.24155498044235865,0.2480878515624967,0.2466455996551512,0.24949552701965316,0.05861798373305416,0.03378007823056538,0.08373021727628784,0.05136223888234315,0.027159821644862865,0.07659314224102157,0.6734493620697495,0.62675
oof,citation,2,Algorithmic strength,4000,0.52425,0.5218427637770804,0.25,0.06935850844074357,0.05700168565950768,0.0847842346203344,0.24130661306654858,0.2358434702915164,0.2468454701422917,0.24958371093749998,0.24883934056701662,0.25032715694458013,0.0347735477338057,0.01261811943083321,0.05662611883393437,0.03316361408306856,0.011268092242237399,0.055362811948561935,0.6814823204142648,0.59775
oof,citation,3,Education level,4000,0.41425,0.4113171655375596,0.25,0.12647542727398034,0.11408668100946584,0.1397153691545435,0.1973676952126981,0.1895435008408265,0.20481429842749294,0.24283417968750418,0.24034342728759753,0.24562788446411118,0.21052921914920764,0.18074280629002823,0.241825996636694,0.18723263971042092,0.157588182541304,0.21892867335881422,0.586492483896677,0.69475
oof,citation,4,Employer prestige,4000,0.074,0.07680428188709319,0.25,0.05126703394015129,0.04309157973799866,0.06014504369681216,0.0746161310063978,0.06790112353498787,0.08153723119035328,0.06859058593749773,0.06176797373962406,0.07562131721252449,0.7015354759744088,0.6738510752385868,0.7283955058600485,-0.0878479894367834,-0.12745109741838537,-0.052830208296696615,0.28493248283134337,0.9165
oof,citation,5,Go experience,4000,0.191,0.1924443877847656,0.25,0.042009148403374864,0.031881673184460856,0.05501768845389992,0.1513518590905766,0.14327801868096693,0.15936405166839393,0.1546499218749978,0.14730450600463862,0.16221364090576168,0.39459256363769357,0.36254379332642434,0.4268879252761323,0.021325990627314995,-0.005040868942000988,0.048281545824225704,0.479467164453676,0.80225
oof,citation,6,Mission and company motivation,4000,0.25775,0.25639404903218554,0.25,0.055875307061765474,0.0442825943509786,0.06956509321965952,0.19373182892431753,0.18670627524113212,0.20113302831217708,0.19138152343749473,0.18458556615478502,0.1982442303967284,0.22507268430272986,0.19546788675129162,0.2531748990354715,-0.012280733503463814,-0.030570845120445767,0.007617853560600658,0.5764620538665577,0.72925
oof,citation,7,Motivation narrative,4000,0.12075,0.12208439281076608,0.25,0.033541220445270206,0.026627837456876635,0.044105808559826626,0.09890097274717642,0.09168541098564079,0.10600351575332659,0.10619566406250282,0.09858909994384782,0.1137994440185548,0.6043961090112944,0.5759859369866936,0.6332583560574367,0.06869104666112358,0.02893130095693376,0.10894270546701028,0.3365229287397696,0.87
oof,citation,8,Off-hours security practice,4000,0.382,0.3827526215068001,0.25,0.08414733053451867,0.07408181434396799,0.10089350872440521,0.23634483302029338,0.22984633437773383,0.242968905809621,0.23622140625000204,0.23273101094421397,0.23977504682556172,0.05462066791882647,0.02812437676151604,0.08061466248906465,-0.0005225045953740626,-0.02617998537106978,0.023304232680312696,0.670219635974854,0.62475
oof,citation,9,Open-source contribution,4000,0.39175,0.38837912796588175,0.25,0.08202525573746446,0.07245746519074912,0.09722159479024989,0.21488193823251805,0.2076440393263059,0.222278391127763,0.2385015234375051,0.23506358842590305,0.24172076848205543,0.14047224706992778,0.11088643548894807,0.1694238426947764,0.09903326764776887,0.06978678533513892,0.12743565012142022,0.623310469609041,0.666
oof,citation,10,Platform and developer enablement orientation,4000,0.192,0.19240941119437024,0.25,0.05207613281257932,0.041736455202017735,0.06477379175177762,0.15523201826285876,0.14725032664198673,0.16308399582740424,0.1551608203125013,0.14774557330871574,0.16271880261840813,0.37907192694856495,0.347664016690383,0.41099869343205303,-0.00045886551910512274,-0.02754063934530608,0.024394364899055852,0.48647361420825447,0.79425
oof,citation,11,Prestige signaling,4000,0.271,0.27310049700437083,0.25,0.060541603767211745,0.04861832214516209,0.0737045555616653,0.19543228401825832,0.18783344955190198,0.20283098257736448,0.19770539062500084,0.19119594349853503,0.2042999540093992,0.2182708639269667,0.18867606969054204,0.24866620179239202,0.0114974437447386,-0.01478846900387915,0.03695949140779325,0.5802441931327701,0.71625
oof,citation,12,Production delivery scope,4000,0.264,0.2639293065880669,0.25,0.07926617680273895,0.0671032462000552,0.09333981603651413,0.19525210532765072,0.187738069555603,0.20293914470354157,0.19452808593749954,0.1887464997637941,0.20100698755493174,0.21899157868939712,0.18824342118583368,0.24904772177758805,-0.003721927281923776,-0.030453893114019862,0.024278808282552446,0.5776438842743193,0.713
oof,citation,13,Professional experience,4000,0.53125,0.5278882862014134,0.25,0.1248024136102737,0.1127882365653885,0.1371839577702737,0.1674990890311894,0.1602381876533261,0.17491976085583982,0.24905507812500316,0.24806621373291007,0.2500476462591552,0.3300036438752424,0.30032095657664065,0.3590472493866956,0.32746165911493685,0.2982469293099852,0.3565361770158538,0.535435526399358,0.7685
oof,citation,14,Programming language breadth,4000,0.29275,0.2916469479581001,0.25,0.08231497874861862,0.07044941323197246,0.09568884887073058,0.19388574136293302,0.18634345312223308,0.20154301856662724,0.20725675781250777,0.20163148075073256,0.2130777135089113,0.22445703454826793,0.19382792573349106,0.2546261875110677,0.06451426043087427,0.032833414115304105,0.09600104977235488,0.5733613168843098,0.7165
oof,citation,15,Python experience,4000,0.36475,0.3644913350118165,0.25,0.07872401916972074,0.06581340368884439,0.09413946429872652,0.2349617649906836,0.22866579381530494,0.24120367405328705,0.23182253906250316,0.22789069865905778,0.23591801128723172,0.06015294003726557,0.03518530378685184,0.08533682473878022,-0.013541504380357283,-0.03557396758032433,0.009623239430095135,0.6669899554901514,0.63075
oof,citation,16,Security assessment experience,4000,0.59575,0.5937574920934638,0.25,0.07721217389041975,0.062381209249864567,0.0916810568537999,0.22737198965165334,0.22099889414740806,0.23389693764922936,0.24119742187500404,0.23823009575073206,0.2441241013140866,0.09051204139338664,0.06441224940308254,0.11600442341036774,0.05731998342219213,0.031988270468136355,0.08126309934876344,0.6574640693722161,0.64275
oof,citation,17,Security automation experience,4000,0.562,0.5622771540477176,0.25,0.06736205772424642,0.05536358400835352,0.08378154333091342,0.23814221948024267,0.2322735989600392,0.24382144230036792,0.2462208984375057,0.24430581656677258,0.24811313238830573,0.04743112207902933,0.024714230798528303,0.07090560415984308,0.032810695633593956,0.010171569507833503,0.05658348823854439,0.672909372314117,0.59825
oof,citation,18,Security certification,4000,0.44475,0.44158616451632077,0.25,0.06404426650839416,0.055404615081584785,0.07831611069502234,0.18748258605799747,0.17982618809687556,0.19523906300360475,0.24697218749999753,0.24531174100341815,0.24871020995605483,0.2500696557680101,0.21904374798558104,0.28069524761249776,0.2408757117317133,0.20953919679950028,0.27292325766882974,0.5685706610639948,0.734
oof,citation,19,Security philosophy,4000,0.13275,0.13527237745737614,0.25,0.048672999174794035,0.03860466530503621,0.0590034772093649,0.11423503855061647,0.10677170538366454,0.12175825815713603,0.1151444531249941,0.10740673932189948,0.12304274416992192,0.5430598457975342,0.5129669673714558,0.5729131784653418,0.00789803199108885,-0.028789330841199376,0.04153551884075095,0.38193682000947965,0.85275
oof,citation,20,Side-project initiative,4000,0.094,0.09589249582410378,0.25,0.03636723853591879,0.02952470295315754,0.04621215626870761,0.08504076710421613,0.07827352569860609,0.0917240170272586,0.08518031250000337,0.07804452486328117,0.0928964362304687,0.6598369315831355,0.6331039318909656,0.6869058972055756,0.0016382353115601545,-0.039109761581239584,0.039549439325029065,0.3012802775200523,0.89575
oof,direction,0,AI experience,2450,0.5183673469387755,0.5021361721847755,0.25,0.026836818085862614,0.019663030492253028,0.04109372161792958,0.10416894384137378,0.09646686387633797,0.11247605824980765,0.24987306283073268,0.24914596632829375,0.25062328316111,0.583324224634505,0.5500957670007693,0.6141325444946482,0.5831125505835769,0.5499774115799076,0.6139643714353842,0.3327845243027959,0.8493877551020408
oof,direction,1,Agentic systems experience,2177,0.5112540192926045,0.5009355957756176,0.25,0.026617407866498875,0.021857556715353502,0.04461580853535514,0.11857274707127848,0.11026621997976943,0.12698328744345735,0.24996303765066397,0.24948822953273875,0.2504283353235823,0.5257090117148862,0.4920668502261706,0.5589351200809223,0.5256388777088319,0.49149941626851734,0.5586863388603541,0.370676149403619,0.8282039503904456
oof,direction,2,Algorithmic strength,2097,0.4630424415832141,0.5080625767305263,0.25,0.0548663653101904,0.04041159158406867,0.07184855725949454,0.14238404404642094,0.13323508833612135,0.15152011400058296,0.24885298437769168,0.24728047236311435,0.25052176925341674,0.43046382381431625,0.3939195439976682,0.46705964665551464,0.4278387120713796,0.3909060080411793,0.46579262214384737,0.4340935678941875,0.7916070577014783
oof,direction,3,Education level,1657,0.4984912492456246,0.4789804064132341,0.25,0.03169579323390246,0.026738721917829583,0.04315165154408021,0.045394816416416094,0.038227656438688355,0.053028903368217695,0.2501810290096115,0.24994126926058913,0.2504027161804881,0.8184207343343356,0.7878843865271292,0.8470893742452466,0.8185521236517413,0.7880514494096059,0.8471539011944371,0.18455027774550956,0.9499094749547374
oof,direction,4,Employer prestige,296,0.5202702702702703,0.5108876070916724,0.25,0.05016770642250963,0.040663283224895146,0.09627061812230099,0.10390078763699968,0.07975641681226249,0.13030354486650933,0.25052183760055835,0.24802139944506255,0.25309176995212074,0.5843968494520013,0.47878582053396274,0.6809743327509501,0.5852625518312575,0.4796227211420694,0.6810294503487215,0.3277969342873257,0.8513513513513513
oof,direction,5,Go experience,764,0.4712041884816754,0.5032533131577326,0.25,0.06397244916645185,0.04959982493081304,0.09917182827114836,0.18027030789453766,0.16385285887742,0.19820173753217704,0.2517722127936473,0.2492821800940163,0.25425895055317216,0.2789187684218494,0.20719304987129175,0.34458856449032,0.28399442538050323,0.21055928392425644,0.3498893303995457,0.5497521752817142,0.731675392670157
oof,direction,6,Mission and company motivation,1031,0.5092143549951503,0.49556220536625406,0.25,0.08176320446412648,0.062180762626551256,0.11321181351481238,0.21621050910408546,0.20245690558000384,0.23047975853872277,0.2500663809477177,0.24944929509739372,0.25064801699347866,0.13515796358365817,0.07808096584510894,0.19017237767998463,0.13538753876200016,0.07839564944556852,0.19075912475995085,0.6285438544054054,0.6634335596508244
oof,direction,7,Motivation narrative,483,0.4244306418219462,0.47196221277541345,0.25,0.0713705186785981,0.05227209892664248,0.10775151050106635,0.12391503835278578,0.10250215888656762,0.146601826802073,0.24456808956845147,0.23811906400788607,0.25114947096802975,0.5043398465888569,0.4135926927917079,0.5899913644537295,0.49333112683900016,0.3991428813089191,0.5825173275733851,0.4313061861926081,0.8322981366459627
oof,direction,8,Off-hours security practice,1528,0.5634816753926701,0.5019665034273122,0.25,0.06151517196535798,0.04882417349698214,0.08230820731897617,0.12635456540158435,0.11678663826352091,0.13707831294043502,0.2460954137093964,0.2427641469940555,0.2491810476213254,0.4945817383936626,0.45168674823826,0.5328534469459163,0.48656269738211744,0.4413819380400789,0.5273721860702225,0.4055286345765184,0.8239528795811518
oof,direction,9,Open-source contribution,1567,0.44862795149968093,0.459980979184311,0.25,0.039941966817775454,0.03260265635371571,0.05742117487824353,0.08384800692593183,0.07546338556411149,0.09264822397762155,0.24769090929824444,0.24531875787551344,0.2501928829076147,0.6646079722962727,0.6294071040895138,0.6981464577435541,0.6614812906800285,0.6267396804286002,0.6954203377459279,0.27456229338509536,0.8755583918315252
oof,direction,10,Platform and developer enablement orientation,768,0.3880208333333333,0.46537494499044646,0.25,0.0891461758008348,0.07150631842891068,0.12314918602336912,0.18572230052763528,0.16913586053557653,0.2029144440112015,0.23833082031570837,0.23043968799607065,0.2464168914522394,0.2571107978894589,0.1883422239551939,0.32345655785769384,0.2207373755454055,0.1436186034236569,0.2937578289200117,0.5501922764733438,0.7135416666666666
oof,direction,11,Prestige signaling,1084,0.5581180811808119,0.5301978522640042,0.25,0.03895639206184186,0.030010258710390564,0.06639255760238522,0.14956979577325286,0.13732516496858505,0.16127893662129986,0.2469574964946596,0.24351404828991507,0.25051686775667564,0.4017208169069886,0.3548842535148006,0.45069934012565976,0.3943500485052607,0.3454995328378261,0.4453988142599887,0.45767778391648656,0.7767527675276753
oof,direction,12,Production delivery scope,1056,0.4914772727272727,0.49803499012912605,0.25,0.05961583721873963,0.04629018799167171,0.08125984309109277,0.10765213826234192,0.09614616260033122,0.1199788479085107,0.2501983237832076,0.24961258653143015,0.2508311487173131,0.5693914469506323,0.5200846083659572,0.615415349598675,0.5697327758453706,0.5201504480279312,0.6160133636427932,0.36411018390687755,0.8721590909090909
oof,direction,13,Professional experience,2125,0.5002352941176471,0.4775636531428764,0.25,0.028655738340869135,0.02167593421992629,0.039399224599592886,0.04747778215816947,0.04067626338627156,0.05496667517374857,0.2504547558400732,0.25015699856762763,0.25074379607211283,0.8100888713673221,0.7801332993050056,0.8372949464549138,0.8104336969009835,0.7804680593447472,0.8375707300246132,0.19644271414848255,0.9402352941176471
oof,direction,14,Programming language breadth,1171,0.46114432109308284,0.46543273531152435,0.25,0.04917227297514135,0.04028928999282936,0.06353348277171901,0.05798433807394005,0.04938988398583426,0.06724641840692683,0.24895498152003787,0.24663171325659272,0.25125032617558807,0.7680626477042398,0.7310143263722927,0.802440464056663,0.7670890627698767,0.7299735246329173,0.8016311946371268,0.2231079410193941,0.9368061485909479
oof,direction,15,Python experience,1459,0.4016449623029472,0.4680589452757826,0.25,0.06641398297283536,0.052243017878934664,0.08743897357218419,0.1476967348012416,0.1375921979141275,0.15830403030768872,0.2409276406821508,0.23604510520548416,0.24594916045872361,0.4092130607950336,0.3667838787692451,0.44963120834348996,0.38696641704098267,0.3411043578364796,0.4313996169476395,0.4591029795448944,0.7875257025359835
oof,direction,16,Security assessment experience,2383,0.46412085606378517,0.48086800207683605,0.25,0.02629859872650675,0.022292187944103547,0.04220823681754045,0.11033557001362802,0.10275647296522489,0.11828924253044057,0.24892378172109533,0.2474959761627279,0.25028764663466535,0.5586577199454879,0.5268430298782377,0.5889741081391004,0.5567495831424711,0.5248151894009929,0.5875035607560795,0.3533705738415003,0.8413764162819974
oof,direction,17,Security automation experience,2248,0.5111209964412812,0.49558615238996856,0.25,0.025531253507927672,0.022217126747002484,0.04537305871581212,0.1392947773129764,0.1309702095917888,0.1477289375220346,0.2499879982807475,0.24952282871330841,0.25048321205544116,0.4428208907480944,0.40908424991186165,0.47611916163284485,0.44279414103495374,0.4091032315818184,0.4763691230973311,0.427509094762703,0.7953736654804271
oof,direction,18,Security certification,1779,0.49128724002248453,0.4652553369493441,0.25,0.032483322985082067,0.025022619374254894,0.046715210889458264,0.07002658482498002,0.06213723255281918,0.07848949505424661,0.25032032630451084,0.2498156136801564,0.25079448063761284,0.7198936607000799,0.6860420197830135,0.7514510697887232,0.7202521031400633,0.6871801135587895,0.7516020634233297,0.2383551874213505,0.8976953344575604
oof,direction,19,Security philosophy,531,0.4143126177024482,0.46176845864234534,0.25,0.06423153351321423,0.05538893799270501,0.10879291784235062,0.15510550711771817,0.1342132187857864,0.17767350353989367,0.2450989611445613,0.23795524342288654,0.25227138144386435,0.3795779715291273,0.28930598584042533,0.46314712485685433,0.3671719113234605,0.2749663991404111,0.4530568043134967,0.4918988212651109,0.7815442561205274
oof,direction,20,Side-project initiative,376,0.44680851063829785,0.4303341367042234,0.25,0.031067483472410607,0.02935980934585675,0.071210086812754,0.08759302133618597,0.06713550883185071,0.10909864996973431,0.2480985319579046,0.24232211990197544,0.2537171902339944,0.6496279146552562,0.5636054001210627,0.7314579646725972,0.6469426052426297,0.5608627734733459,0.7283791960756575,0.297415302744136,0.8856382978723404
