criterion,gamma,se_gamma,gamma_lo,gamma_hi,kappa,rho,keep,citation_rate
AI experience,-1.3563252354248874,0.04581671923270235,-1.4461243550107676,-1.266526115839007,3.634135146286088,0.9374078334916831,True,0.6125
Agentic systems experience,-1.5160752684143897,0.04544394064132203,-1.605143755386957,-1.4270067814418224,2.7112363644897632,0.9240325396032046,True,0.54425
Algorithmic strength,-1.481372932157622,0.04494828240441138,-1.5694699468372035,-1.3932759174780402,2.7254223534244937,0.916930585083512,True,0.52425
Closing posture,-4.6665606257076115,0.14478002590797703,-4.950324262168023,-4.3827969892472005,10.477995993677407,0.5643452091482783,False,0.0495
Education level,-2.753433977654311,0.055374944559582265,-2.8619668746369946,-2.6449010806716275,3.2735473767862864,0.9428310605148791,True,0.41425
Employer prestige,-5.125525336275277,0.16694258342648494,-5.4527267872772605,-4.798323885273293,8.305807154038211,0.8198694948695696,True,0.074
Engineering rigor,-8.856431762399827,0.6844205398223095,-10.197871370731017,-7.514992154068639,228.04441688054672,0.8308600311859454,False,0.02825
General security grounding,-3.881092831750567,0.09725042515947495,-4.071700162544346,-3.690485500956788,7.754494603362118,0.6517335399188717,False,0.093
Go experience,-2.9818739882180334,0.0675261982597092,-3.1142229048199748,-2.849525071616092,5.0160991464383535,0.7987534303710968,True,0.191
Impact quantification,-4.740359443850921,0.1439189240263054,-5.022435351636236,-4.458283536065606,12.800608469922185,0.7306932443847877,False,0.0675
Learning posture,-6.609419172132339,0.30916685565887275,-7.215375074437223,-6.0034632698274555,56.09843914381302,0.7618806894796597,False,0.04675
Maintenance orientation,-8.548031411142912,0.6734420537946985,-9.867953582255206,-7.2281092400306175,198.45572309884852,0.8623761006126146,False,0.05325
Mission and company motivation,-2.3723465748067394,0.05340543854910344,-2.4770193109415493,-2.2676738386719295,3.7226097576973567,0.7697744064970191,True,0.25775
Motivation narrative,-4.157744501125522,0.10596568217399495,-4.36543342178377,-3.9500555804672737,8.826629413405843,0.805776858575168,True,0.12075
Narrative framing and tone,-3.1011153472852055,0.06928011194944332,-3.2369018715510176,-2.9653288230193935,4.875794863066203,0.7211345931439941,False,0.15875
Off-hours security practice,-2.11060434914053,0.04858202339590313,-2.2058233652925825,-2.015385332988478,3.3253248865470115,0.8906206987538863,True,0.382
Open-source contribution,-2.4477616682565695,0.05447418983240823,-2.5545291184150876,-2.3409942180980514,3.862982084150829,0.924026753652834,True,0.39175
Other,-8.54355381919269,0.536973824421237,-9.59600317569905,-7.491104462686331,91.96470996632186,0.03615783219295555,False,0.01225
Platform and developer enablement orientation,-2.9571740489861877,0.06414692145309653,-3.082899704753377,-2.8314483932189987,5.752289876098837,0.7707200899194114,True,0.192
Prestige signaling,-2.5670710452508243,0.05680818454936334,-2.6784130409946814,-2.4557290495069672,3.7656376502414752,0.8548429434526349,True,0.271
Production delivery scope,-2.8409095351207734,0.05961286779499271,-2.9577486090141067,-2.72407046122744,2.8198834251578164,0.8844266768195842,True,0.264
Professional experience,-2.43192651836082,0.06017825260264981,-2.5498737261145674,-2.3139793106070723,3.7786368698138038,0.9598617810446122,True,0.53125
Programming language breadth,-3.1308358198385493,0.06343358357291183,-3.255163359051768,-3.0065082806253307,2.5965445846190165,0.9249019744827798,True,0.29275
Python experience,-2.0467931594985016,0.04923040546600356,-2.1432829811561724,-1.9503033378408308,2.736470435065378,0.8730368416353006,True,0.36475
Role alignment,-3.8017737152233195,0.09183629091992077,-3.981769537900107,-3.621777892546532,10.278476204942232,0.5802197980732366,False,0.09125
Security assessment experience,-1.367914645016676,0.045789922990379296,-1.457661244932682,-1.2781680451006698,2.902584711350181,0.9346264270251241,True,0.59575
Security automation experience,-1.3101799240245178,0.04426221793846274,-1.3969322770597674,-1.2234275709892681,2.427938020102464,0.9168439982155685,True,0.562
Security certification,-2.5445041932468464,0.059536832084485035,-2.6611942398860458,-2.427814146607647,3.9507891375493,0.9416646374905249,True,0.44475
Security philosophy,-3.790890075537256,0.0927244069105839,-3.9726265735698374,-3.609153577504675,9.366477286013179,0.8006017307237966,True,0.13275
Side-project ambition,-3.397992553472283,0.07894144384474178,-3.552714940295568,-3.243270166648998,10.543833349471546,0.865941365775246,False,0.1935
Side-project initiative,-4.743482616287052,0.14181211119919446,-5.021429246809062,-4.465535985765041,8.119069349843043,0.8503214741473006,True,0.094
Systems and technical depth,-3.7154918074470755,0.08866301981838293,-3.889268133051667,-3.541715481842484,11.567005461310382,0.6993312413897597,False,0.1115
Writing polish,-9.509761906486412,0.8943222986602266,-11.26260140243153,-7.756922410541295,156.58960033707098,0.44023969026933163,False,0.00875
