,exp_lvl,edu_lvl,school_lvl,employer_lvl,nlang_lvl,nlaunch_lvl,skillsk_lvl,fluency_lvl,skill_dsa_depth,skill_python,skill_ai_agents_experience,skill_security_assessments,skill_vuln_triage_automation,skill_agentic_tooling_design,niche_side_project_lvl,niche_open_source_lvl,niche_security_cert_lvl,niche_ctf_lvl
exp_lvl,1.0,-0.05714459562828908,-0.01639344262295082,0.07377049180327869,0.03278688524590164,9.969652911337527e-18,-0.0408175683059208,-0.049180327868852465,-0.14177887401809633,-0.028355774803619185,0.04253366220542884,-0.07088943700904805,0.0567115496072385,-2.203686384764476e-17,0.14576290822552343,-0.046358480248089334,-0.06378191699565147,-0.07626416169404175
edu_lvl,-0.05714459562828909,1.0,-0.05714459562828909,0.01632702732236833,-0.04898108196710493,0.08126021828465384,-0.0324775750077328,0.03265405464473666,-0.03292213160404936,0.05180055671965802,-0.13176526798170804,-0.00468123549614688,0.03768010866570679,-0.032922131604049394,0.006005016682125379,-0.05553862792911704,0.021965672032108363,0.10723625276497549
school_lvl,-0.01639344262295082,-0.05714459562828908,1.0,0.06557377049180328,-0.03278688524590164,-0.024490540983552467,-0.008163513661184162,-0.05737704918032787,1.2592493627225578e-17,0.04253366220542882,-0.014177887401809594,-0.014177887401809641,-0.05671154960723844,0.014177887401809615,0.08097939345862414,-0.007726413374681547,-0.015945479248912868,-0.03389518297512967
employer_lvl,0.07377049180327869,0.01632702732236833,0.06557377049180328,1.0,0.0,4.53166041424433e-18,-0.008163513661184165,-0.024590163934426233,-0.014177887401809615,-1.5740617034031965e-17,-0.04253366220542884,-9.444370220419183e-18,0.014177887401809633,0.014177887401809615,0.0485876360751745,0.023179240124044664,0.007972739624456434,0.05084277446269451
nlang_lvl,0.03278688524590164,-0.048981081967104934,-0.03278688524590164,0.0,1.0,-0.04081756830592079,-0.048981081967104954,0.01639344262295082,-0.028355774803619213,-0.04253366220542882,0.014177887401809629,-0.014177887401809622,-0.028355774803619217,-0.07088943700904804,-0.06478351476689928,0.03090565349872621,0.10364561511793365,-0.04236897871891208
nlaunch_lvl,9.969652911337527e-18,0.08126021828465384,-0.024490540983552463,4.53166041424433e-18,-0.04081756830592079,1.0,0.07321815209226287,-0.08979865027302572,-0.004681235496146864,0.12240279698941424,0.0376801086657068,-0.04704257965800058,0.06592100477360935,0.08004145282756057,-0.002060115212116043,-0.11709951671801785,0.09342962661987152,0.05659945932933266
skillsk_lvl,-0.0408175683059208,-0.0324775750077328,-0.008163513661184162,-0.008163513661184165,-0.048981081967104954,0.07321815209226287,0.9999999999999999,0.08979865027302573,0.5271378134923413,0.597740053762097,0.640101397923951,0.5553787096002436,0.5977400537620976,0.5553787096002436,0.08271143415453001,0.0016728502388288207,-0.021965672032108342,0.002476799678917276
fluency_lvl,-0.049180327868852465,0.03265405464473666,-0.05737704918032787,-0.024590163934426233,0.01639344262295082,-0.08979865027302572,0.08979865027302573,1.0,0.12760098661628647,0.04253366220542886,0.014177887401809579,0.09924521181266728,0.07088943700904808,-0.04253366220542881,-0.008097939345862405,0.03863206687340776,-0.023918218873369305,0.07626416169404175
skill_dsa_depth,-0.14177887401809633,-0.03292213160404936,1.2592493627225578e-17,-0.014177887401809615,-0.028355774803619213,-0.004681235496146864,0.5271378134923413,0.12760098661628647,1.0,0.14167666266826573,0.11715313874450202,0.2642942822870846,0.2642942822870848,0.043582566973210536,-0.02215241297604272,0.009878030864641387,-0.05868442770985267,0.06006242570921064
skill_python,-0.028355774803619185,0.05180055671965802,0.04253366220542882,-1.5740617034031968e-17,-0.04253366220542882,0.12240279698941424,0.5977400537620972,0.04253366220542886,0.14167666266826573,1.0,0.2888178062108482,0.19072371051579334,0.26429428228708457,0.19072371051579318,-0.03615943698838591,-0.016850758533799907,0.06542976422822634,0.030748138360418162
skill_ai_agents_experience,0.04253366220542884,-0.13176526798170804,-0.014177887401809596,-0.04253366220542884,0.014177887401809629,0.0376801086657068,0.640101397923951,0.014177887401809579,0.11715313874450202,0.2888178062108482,0.9999999999999999,0.21524723443955707,0.2642942822870846,0.3378648540583759,0.061889731098016196,0.04997121496230336,-0.017313030397159587,-0.013223292662770593
skill_security_assessments,-0.07088943700904805,-0.00468123549614688,-0.014177887401809643,-9.444370220419183e-18,-0.01417788740180962,-0.04704257965800057,0.5553787096002436,0.09924521181266727,0.2642942822870846,0.19072371051579332,0.21524723443955707,1.0,0.09262961482073813,0.16620018659202945,0.04788270708567311,0.03660682026308271,-0.04489396193895506,0.06006242570921063
skill_vuln_triage_automation,0.056711549607238496,0.03768010866570679,-0.05671154960723844,0.014177887401809634,-0.028355774803619217,0.06592100477360935,0.5977400537620976,0.07088943700904808,0.2642942822870848,0.26429428228708457,0.2642942822870846,0.09262961482073813,1.0,0.1907237105157934,0.14593187517207523,-0.09703712672912385,-0.0035225646262619223,-0.10116615470914805
skill_agentic_tooling_design,-2.203686384764476e-17,-0.032922131604049394,0.014177887401809617,0.014177887401809617,-0.07088943700904804,0.08004145282756059,0.5553787096002436,-0.04253366220542882,0.04358256697321054,0.1907237105157932,0.3378648540583759,0.16620018659202945,0.1907237105157934,1.0,0.08990377912270263,0.02324242556386207,-0.017313030397159694,-0.02788043633716684
niche_side_project_lvl,0.14576290822552346,0.006005016682125379,0.08097939345862414,0.0485876360751745,-0.06478351476689928,-0.002060115212116043,0.08271143415453001,-0.008097939345862403,-0.022152412976042722,-0.03615943698838591,0.061889731098016196,0.04788270708567312,0.1459318751720752,0.08990377912270262,1.0,-0.3527911796766579,-0.20466465698962186,-0.2494213064955089
niche_open_source_lvl,-0.046358480248089334,-0.05553862792911704,-0.007726413374681547,0.02317924012404466,0.03090565349872621,-0.11709951671801784,0.0016728502388288207,0.03863206687340777,0.009878030864641387,-0.016850758533799907,0.04997121496230336,0.03660682026308271,-0.09703712672912386,0.02324242556386207,-0.3527911796766579,1.0,-0.2656489239792452,-0.2375439793774869
niche_security_cert_lvl,-0.06378191699565147,0.021965672032108367,-0.015945479248912868,0.007972739624456434,0.10364561511793365,0.0934296266198715,-0.021965672032108342,-0.023918218873369305,-0.05868442770985267,0.06542976422822634,-0.017313030397159587,-0.04489396193895506,-0.0035225646262619223,-0.017313030397159694,-0.20466465698962186,-0.2656489239792452,0.9999999999999999,-0.3347963183718231
niche_ctf_lvl,-0.07626416169404175,0.10723625276497548,-0.03389518297512967,0.0508427744626945,-0.042368978718912084,0.056599459329332656,0.002476799678917276,0.07626416169404175,0.06006242570921064,0.030748138360418162,-0.013223292662770593,0.06006242570921063,-0.10116615470914805,-0.027880436337166845,-0.24942130649550892,-0.23754397937748686,-0.3347963183718231,0.9999999999999999
