feature,win_rate,lo,hi,p,n,n_tie,q,cell
Confrontational tone,0.485,0.45036736293609736,0.5196326370639026,0.36846678198277005,800,146,0.4274214671000133,pointwise_discovered_full
Rhetorical questioning,0.49375,0.4591044747207522,0.5283955252792478,0.6931214799993068,800,280,0.7730970353838422,pointwise_dropped_full
Challenger experiential grounding,0.496875,0.4622274444517546,0.5315225555482455,0.8443642215241092,800,385,0.9069097194147839,pointwise_discovered_full
Normative and rights appeal,0.5006257822277848,0.46595590163531864,0.5352956628202509,1.0,799,180,1.0,pointwise_discovered_full
Psychological framing and diagnosis,0.501875,0.4672270113430988,0.5365229886569011,0.9328357763924036,800,237,0.9661513398349894,pointwise_dropped_full
Legal and institutional framing,0.515625,0.48099368993643543,0.5502563100635646,0.2930398235973532,800,279,0.3694849949705758,pointwise_dropped_full
Emotional appeal and empathy,0.515625,0.48099368993643543,0.5502563100635646,0.34089463056980274,800,165,0.411914345271845,pointwise_dropped_full
Consistency challenge,0.52375,0.4891408773316197,0.5583591226683804,0.14789245830565648,800,146,0.19494914958472898,pointwise_discovered_full
Concessionary rebuttal,0.5325,0.49792503958787515,0.5670749604121248,0.05041348047540855,800,120,0.06961861589461181,pointwise_dropped_full
Audience tailoring,0.53375,0.4991807908410533,0.5683192091589466,0.0346402731580738,800,170,0.05022839607920702,pointwise_dropped_full
Historical framing and legacy,0.545,0.5104923783781032,0.5795076216218968,0.0014724575655075118,800,300,0.002511839376453991,pointwise_dropped_full
Rhetorical vividness,0.54625,0.5117503156264438,0.5807496843735562,0.004514829956175344,800,138,0.006891056248899211,pointwise_dropped_full
Alternative proposal and guidance,0.5475,0.5130084722359244,0.5819915277640756,0.003993269906744902,800,120,0.006433601516422342,pointwise_discovered_full
Exchange empirical framing,0.5531914893617021,0.518718325388412,0.5876646533349923,0.0012081208395980042,799,124,0.0021897190217713826,pointwise_discovered_full
Targeted rebuttal,0.554375,0.5199322618434777,0.5888177381565222,0.0003194749183657809,800,227,0.0006176515088405098,pointwise_dropped_full
Practical consequences and feasibility,0.55819774718398,0.5237634927261943,0.5926320016417657,0.00029169840699938803,799,152,0.0006042324144987324,pointwise_discovered_full
Meta-level epistemic challenge,0.56125,0.5268627204205538,0.5956372795794462,0.00013175913164721308,800,154,0.0002939242167514753,pointwise_dropped_full
Reframing and normalization,0.56125,0.5268627204205538,0.5956372795794462,2.661206755113809e-05,800,264,6.431249658191706e-05,pointwise_dropped_full
Mechanistic explanation,0.5694618272841051,0.5351281103705933,0.6037955441976169,1.506314072500072e-05,799,150,4.1655640595016804e-05,pointwise_discovered_full
Analogical reasoning,0.57,0.5356930007141399,0.60430699928586,1.5800415398109822e-05,800,136,4.1655640595016804e-05,pointwise_discovered_full
Abstract or technical framing,0.57375,0.5394807481570577,0.6080192518429423,1.944007078945316e-06,800,192,9.39603421490236e-06,pointwise_discovered_full
Conceptual clarification,0.574375,0.5401122350543808,0.6086377649456192,4.196322093638727e-06,800,139,1.3521482301724786e-05,pointwise_discovered_full
Structural explanation,0.574375,0.5401122350543808,0.6086377649456192,3.0700519899605077e-06,800,157,1.2718786815550673e-05,pointwise_dropped_full
Challenger evidentiary support,0.575,0.5407437779374316,0.6092562220625684,3.782581217341747e-06,800,134,1.3521482301724786e-05,pointwise_discovered_full
Counterexample use,0.581351689612015,0.5471437574243954,0.6155596217996346,3.5451827125057527e-07,799,153,2.056205973253337e-06,pointwise_discovered_full
Scope broadening,0.5825,0.5483266714015155,0.6166733285984846,7.53043665064862e-08,800,202,7.279422095626999e-07,pointwise_dropped_full
Structured rebuttal development,0.5826032540675845,0.5484097456188509,0.6167967625163181,2.129178651380232e-07,799,157,1.5436545222506683e-06,pointwise_discovered_full
Qualified rebuttal,0.5957446808510638,0.5617163505332485,0.6297730111688791,2.886641170507905e-09,799,138,4.1856296972364623e-08,pointwise_discovered_full
Concrete illustration,0.60375,0.5698558858815428,0.6376441141184572,9.41271937654048e-11,800,144,2.7296886191967393e-09,pointwise_discovered_full
